MSN,y1,y2
BMTCB,0.01060543580988966,0.987688740218917
HYTCB,0.01488114313448889,0.2437952055997525
JFTXB,0.0,0.19859211032239812
NGTXB,0.12874448547287207,0.385917846564874
WWTXB,0.008711971448599965,0.3417569512643971
CLTXB,0.004053272309566154,0.18826659708040974
MMTCB,0.0,0.8705339375504588
P1TXB,0.028055019527875636,0.4910592342613568
PMTCB,0.0,0.8565777972704931