MSN,y1,y2
BMTCB,0.0,0.9269041216033032
HYTCB,0.08671385510716374,0.2745668609424936
JFTXB,0.0,0.8510414332475404
NGTXB,0.0,0.7534672073674633
WWTXB,0.1495858043899772,0.0
CLTXB,0.09737459440821193,0.0
MMTCB,0.0,0.8863703511058234
P1TXB,0.03220734647347907,0.1924869701815058
PMTCB,0.0,0.8352825341157216