MSN,y1,y2
BMTCB,0.18830519840851598,1.0
HYTCB,0.21712631791123652,0.8547326082558272
JFTXB,0.3242633909588072,0.0
NGTXB,0.38869130891200565,0.4099003997079468
WWTXB,0.4426070785019812,0.9516831152134754
CLTXB,1.0,0.42792400024624777
MMTCB,0.0,0.9417560014518065
P1TXB,0.049992666477812614,0.4630211292326858
PMTCB,0.0,0.8092932097098153