MSN,y1,y2
BMTCB , 0.004313215870360291 , 0.8118286723763469
HYTCB , 0.31553108835893595 , 0.2348175377307237
JFTXB , 0.0 , 0.4890326699203317
NGTXB , 0.24652911909375538 , 0.0
WWTXB , 0.008376084015668079 , 0.4276759157966356
CLTXB , 0.09962160538591001 , 0.0
MMTCB , 0.0 , 0.9802542487776903
P1TXB , 0.0 , 0.6568410306245293
PMTCB , 0.0 , 0.8579862923355523