years,data
1970,0.0
1971,0.0
1972,0.0
1973,0.0
1974,0.0
1975,0.0
1976,0.0
1977,0.0
1978,0.0
1979,0.0
1980,0.0
1981,0.0
1982,2.13758
1983,0.0
1984,1.87619
1985,1.79655
1986,0.0
1987,1.94504
1988,1.84337
1989,0.0
1990,1.97006
1991,2.01033
1992,2.01558
1993,2.02623
1994,2.05153
1995,2.02685
1996,1.98446
1997,1.98767
1998,2.01016
1999,2.07306
2000,1.87925
2001,1.90169
2002,1.91765
2003,1.86904
2004,1.90443
2005,2.17664
2006,2.18709
2007,2.75551
2008,0.0
2009,0.0
