years,data
1970,0.0
1971,0.0
1972,0.0
1973,0.0
1974,0.0
1975,0.0
1976,0.0
1977,0.0
1978,0.0
1979,0.0
1980,0.0
1981,0.0
1982,0.03548
1983,0.0
1984,0.03008
1985,0.02773
1986,0.0
1987,0.00293
1988,0.00363
1989,0.0
1990,0.00386
1991,0.01035
1992,0.13118
1993,0.03383
1994,0.00397
1995,0.19483
1996,0.0062
1997,0.00663
1998,0.0132
1999,0.00224
2000,0.00095
2001,0.02026
2002,0.02543
2003,0.02391
2004,0.02968
2005,0.0514
2006,0.03038
2007,0.03582
2008,0.0
2009,0.0
