years,data
1970,0.206
1971,0.244
1972,0.318
1973,0.316
1974,0.17
1975,0.206
1976,0.224
1977,0.465
1978,0.482
1979,0.786
1980,0.976
1981,1.047
1982,1.182
1983,1.213
1984,1.211
1985,1.306
1986,1.364
1987,1.299
1988,1.405
1989,1.36
1990,1.43
1991,1.408
1992,1.374
1993,1.352
1994,1.374
1995,1.394
1996,1.444
1997,1.4247
1998,1.331
1999,1.3266
2000,1.238
2001,1.24965
2002,1.24674
2003,1.2591
2004,1.2817
2005,1.3956
2006,1.4222
2007,1.5673
2008,1.7313
2009,1.8089
