years,data
1970,0.0
1971,0.0
1972,0.0
1973,0.0
1974,0.0
1975,0.0
1976,0.0
1977,0.0
1978,0.0
1979,0.0
1980,0.0
1981,0.0
1982,4.58682
1983,0.0
1984,4.20531
1985,3.84589
1986,0.0
1987,2.62242
1988,2.62769
1989,0.0
1990,3.0177
1991,3.06162
1992,2.79634
1993,2.47309
1994,2.27984
1995,2.20781
1996,2.19552
1997,2.72431
1998,2.87013
1999,3.47798
2000,2.61539
2001,2.85256
2002,2.57403
2003,2.51877
2004,3.3269
2005,3.55528
2006,3.73096
2007,3.88907
2008,0.0
2009,0.0
