years,data
1970,0.0
1971,0.0
1972,0.0
1973,0.0
1974,0.0
1975,0.0
1976,0.0
1977,0.0
1978,0.0
1979,0.0
1980,0.0
1981,0.0
1982,0.01559
1983,0.0
1984,0.01581
1985,0.01674
1986,0.0
1987,0.00118
1988,0.00146
1989,0.0
1990,0.00148
1991,0.00346
1992,0.03995
1993,0.00906
1994,0.00078
1995,0.03171
1996,0.00093
1997,0.00112
1998,0.00233
1999,0.00051
2000,0.00016
2001,0.00376
2002,0.00466
2003,0.00481
2004,0.00576
2005,0.0073
2006,0.00513
2007,0.00562
2008,0.0
2009,0.0
