years,data
1970,0.67748
1971,0.6323
1972,2.22258
1973,1.24887
1974,2.15444
1975,2.27196
1976,2.44127
1977,2.66627
1978,2.75136
1979,4.38272
1980,6.482
1981,7.322
1982,7.308
1983,6.236
1984,6.079
1985,6.217
1986,3.64
1987,4.338
1988,4.265
1989,4.495
1990,5.114
1991,4.99
1992,4.665
1993,5.114
1994,4.28101
1995,5.10201
1996,5.38601
1997,5.318
1998,4.29
1999,4.79799
2000,8.599
2001,8.10923
2002,6.73532
2003,7.73
2004,8.85
2005,14.02999
2006,16.31
2007,16.71001
2008,20.5
2009,14.72999
