years,data
1970,0.0
1971,0.0
1972,0.0
1973,0.0
1974,3.17689
1975,3.89121
1976,4.15439
1977,4.69954
1978,0.0
1979,0.0
1980,0.0
1981,0.0
1982,0.0
1983,0.0
1984,0.0
1985,0.0
1986,0.0
1987,0.0
1988,0.0
1989,0.0
1990,0.0
1991,7.1968
1992,0.0
1993,0.0
1994,6.35231
1995,6.21106
1996,0.0
1997,6.71103
1998,7.86625
1999,0.0
2000,16.78353
2001,20.47368
2002,8.94293
2003,13.20815
2004,13.83907
2005,16.53396
2006,17.31766
2007,18.24711
2008,18.27793
2009,12.10381
