years,data
1970,0.0
1971,0.0
1972,0.0
1973,0.0
1974,0.07303
1975,0.23446
1976,0.26318
1977,0.34467
1978,0.0
1979,0.0
1980,0.0
1981,0.0
1982,0.0
1983,0.0
1984,0.0
1985,0.0
1986,0.0
1987,0.0
1988,0.0
1989,0.0
1990,0.0
1991,2.66616
1992,0.0
1993,0.0
1994,0.00046
1995,7.13149
1996,0.0
1997,3.73696
1998,0.10736
1999,0.0
2000,2.7039
2001,3.83888
2002,2.52181
2003,2.48699
2004,8.09003
2005,5.81706
2006,7.53642
2007,13.92523
2008,5.48284
2009,5.079
