years,data
1970,0.0
1971,0.0
1972,0.0
1973,0.0
1974,0.0
1975,0.0
1976,0.0
1977,0.0
1978,0.0
1979,0.0
1980,0.0
1981,0.18916
1982,0.42737
1983,0.05465
1984,0.0
1985,0.0
1986,0.0
1987,0.0
1988,0.0
1989,0.0
1990,0.0
1991,0.0
1992,0.0
1993,2.61357
1994,6.86438
1995,21.70895
1996,20.04667
1997,19.96595
1998,12.9264
1999,12.18371
2000,17.57994
2001,22.9928
2002,12.08664
2003,14.70149
2004,16.2581
2005,252.2175
2006,293.7447
2007,348.82516
2008,486.09759
2009,349.33132
