years,data
1970,0.0
1971,0.0
1972,0.0
1973,0.0
1974,0.0
1975,0.0
1976,0.0
1977,0.0
1978,0.0
1979,0.0
1980,0.0
1981,0.00115
1982,0.0042
1983,0.00028
1984,0.0
1985,0.0
1986,0.0
1987,0.0
1988,0.0
1989,0.0
1990,0.0
1991,0.0
1992,0.0
1993,0.01176
1994,0.00525
1995,0.01636
1996,0.01441
1997,0.01457
1998,0.00887
1999,0.00804
2000,0.01148
2001,0.016
2002,0.00814
2003,0.00971
2004,0.01022
2005,0.15359
2006,0.18706
2007,0.22698
2008,0.33886
2009,0.63114
