years,data
1970,0.0
1971,0.0
1972,0.0
1973,0.0
1974,0.0
1975,0.0
1976,0.0
1977,0.0
1978,0.0
1979,0.0
1980,0.0
1981,0.00168
1982,0.00295
1983,0.00031
1984,0.0
1985,0.0
1986,0.0
1987,0.0
1988,0.0
1989,0.0
1990,0.0
1991,0.0
1992,0.0
1993,0.02079
1994,0.05614
1995,0.19047
1996,0.17918
1997,0.18869
1998,0.11719
1999,0.07469
2000,0.10621
2001,0.3646
2002,0.18266
2003,0.23882
2004,0.30522
2005,3.98287
2006,5.2686
2007,5.44387
2008,7.88513
2009,5.59091
