years,data
1970,0.0
1971,0.0
1972,0.0
1973,0.0
1974,0.0
1975,0.0
1976,0.0
1977,0.0
1978,0.0
1979,0.0
1980,0.0
1981,0.19199
1982,0.43452
1983,0.05524
1984,0.0
1985,0.0
1986,0.0
1987,0.0
1988,0.0
1989,0.0
1990,0.0
1991,0.0
1992,0.0
1993,2.64612
1994,6.92577
1995,21.91578
1996,20.24026
1997,20.16921
1998,13.05246
1999,12.26644
2000,17.69763
2001,23.3734
2002,12.27744
2003,14.95002
2004,16.57354
2005,256.35396
2006,299.20036
2007,354.49601
2008,494.32158
2009,355.55337
