years,data
1970,0.0
1971,0.0
1972,0.0
1973,0.0
1974,0.0
1975,0.0
1976,0.0
1977,0.0
1978,0.0
1979,0.0
1980,0.0
1981,0.0
1982,0.0
1983,0.0
1984,0.0
1985,0.0
1986,0.0
1987,0.0
1988,0.0
1989,0.0
1990,0.0
1991,0.0
1992,0.0
1993,0.0
1994,0.0
1995,0.0
1996,4.85391
1997,4.4625
1998,2.93438
1999,4.10391
2000,6.62344
2001,5.37891
2002,5.64844
2003,6.68672
2004,8.66719
2005,11.775
2006,14.11875
2007,15.92344
2008,22.20469
2009,13.89609
