years,data
1970,0.0
1971,0.0
1972,0.0
1973,0.0
1974,0.0
1975,0.0
1976,0.0
1977,0.0
1978,0.0
1979,0.0
1980,0.0
1981,0.0
1982,0.0
1983,0.0
1984,0.0
1985,0.0
1986,0.0
1987,0.0
1988,0.0
1989,0.0
1990,0.0
1991,0.0
1992,0.0
1993,0.0
1994,0.0
1995,0.0
1996,11.68646
1997,12.02327
1998,8.60791
1999,10.35003
2000,20.41249
2001,3.27899
2002,4.06287
2003,5.0607
2004,8.02006
2005,10.15778
2006,13.29629
2007,13.41251
2008,15.86747
2009,9.81973
