years,data
1970,0.0
1971,0.0
1972,0.0
1973,0.0
1974,0.0
1975,0.0
1976,0.0
1977,0.0
1978,0.0
1979,0.0
1980,0.0
1981,0.0
1982,0.0
1983,0.0
1984,0.0
1985,0.0
1986,0.0
1987,0.0
1988,0.0
1989,0.0
1990,0.0
1991,0.0
1992,0.0
1993,0.0
1994,0.0
1995,0.0
1996,20.94045
1997,22.72412
1998,14.20389
1999,19.6824
2000,28.2811
2001,5.17877
2002,5.1888
2003,6.79676
2004,9.81896
2005,12.11602
2006,19.67745
2007,20.88611
2008,25.35452
2009,10.40514
