years,data
1970,0.0
1971,0.0
1972,0.0
1973,0.0
1974,0.0
1975,0.0
1976,0.0
1977,0.0
1978,0.0
1979,0.0
1980,0.0
1981,0.0
1982,0.0
1983,0.0
1984,0.0
1985,0.0
1986,0.0
1987,0.0
1988,0.0
1989,0.0
1990,0.0
1991,0.0
1992,0.0
1993,0.0
1994,0.0
1995,0.0
1996,5.71347
1997,5.25275
1998,3.45402
1999,4.83066
2000,7.79636
2001,6.33144
2002,6.6487
2003,7.87085
2004,10.20204
2005,13.8602
2006,16.619
2007,18.74328
2008,26.13685
2009,16.35692
