years,data
1970,0.0
1971,0.01017
1972,0.02182
1973,0.00551
1974,0.02021
1975,0.025
1976,0.04548
1977,0.06258
1978,0.05
1979,0.07584
1980,0.1233
1981,0.04754
1982,0.04872
1983,0.0
1984,0.0
1985,0.0
1986,0.0
1987,0.0
1988,0.0
1989,0.0
1990,0.0
1991,0.0
1992,0.0
1993,0.0
1994,0.0
1995,0.0
1996,0.0
1997,0.0
1998,0.0
1999,0.0
2000,0.0
2001,0.0
2002,0.0
2003,0.0
2004,0.0
2005,0.0
2006,0.0
2007,0.0
2008,0.0
2009,0.0
