years,data
1970,0.0
1971,0.0
1972,0.0
1973,0.0
1974,0.0
1975,0.0
1976,0.0
1977,0.0
1978,0.0
1979,0.0
1980,0.0
1981,0.0
1982,0.0
1983,0.0
1984,0.0
1985,0.0
1986,0.0
1987,0.0
1988,0.0
1989,1.7
1990,1.7
1991,1.7
1992,1.7
1993,1.7
1994,1.7
1995,1.7
1996,1.7
1997,1.7
1998,1.7
1999,44.5
2000,44.5
2001,44.5
2002,50.0
2003,53.50943
2004,53.70581
2005,55.6729
2006,51.64508
2007,47.74564
2008,40.29799
2009,41.81065
