years,data
1970,0.0
1971,0.0
1972,0.0
1973,0.0
1974,0.0
1975,0.0
1976,0.0
1977,0.0
1978,0.0
1979,0.0
1980,0.0
1981,0.0
1982,0.0
1983,0.0
1984,0.0
1985,0.0
1986,0.0
1987,0.0
1988,0.0
1989,0.0
1990,0.0
1991,0.0
1992,0.0
1993,0.0
1994,0.0
1995,0.0
1996,6.64572
1997,6.10983
1998,4.0176
1999,5.61886
2000,9.06847
2001,7.36452
2002,7.73355
2003,9.15511
2004,11.86667
2005,16.12173
2006,19.33067
2007,21.80156
2008,30.40152
2009,19.02582
