years,data
1970,0.0
1971,0.0
1972,0.0
1973,0.0
1974,0.0
1975,0.0
1976,0.0
1977,0.0
1978,0.0
1979,0.0
1980,0.0
1981,0.0
1982,0.0
1983,0.0
1984,0.0
1985,0.0
1986,0.0
1987,0.0
1988,0.0
1989,0.0
1990,0.0
1991,0.0
1992,0.0
1993,0.0
1994,0.0
1995,0.0
1996,2.97211
1997,2.99998
1998,2.40125
1999,3.15855
2000,5.4301
2001,1.13582
2002,1.28128
2003,1.42384
2004,1.66186
2005,2.24518
2006,3.93799
2007,4.3579
2008,6.46642
2009,4.32589
