years,data
1970,0.0
1971,0.0
1972,0.0
1973,0.0
1974,0.0
1975,0.0
1976,0.0
1977,0.0
1978,0.0
1979,0.0
1980,0.0
1981,0.0
1982,0.0
1983,0.0
1984,0.0
1985,0.0
1986,0.0
1987,0.0
1988,0.0
1989,0.0
1990,0.0
1991,0.14054
1992,0.52127
1993,0.64151
1994,0.75366
1995,1.0278
1996,1.24479
1997,1.27506
1998,2.70196
1999,3.84137
2000,4.62818
2001,6.28552
2002,6.9156
2003,6.77802
2004,8.85755
2005,14.93847
2006,19.50596
2007,18.90323
2008,21.90099
2009,33.42064
