years,data
1970,0.0
1971,0.0
1972,0.0
1973,0.0
1974,0.0
1975,0.0
1976,0.0
1977,0.0
1978,0.0
1979,0.0
1980,0.0
1981,0.0
1982,0.0
1983,0.0
1984,0.0
1985,0.0
1986,0.0
1987,0.0
1988,0.0
1989,0.0
1990,0.0
1991,3.72463
1992,3.51813
1993,3.4682
1994,3.81798
1995,3.62627
1996,3.41049
1997,3.41227
1998,4.38687
1999,5.19706
2000,5.77193
2001,6.71907
2002,6.92024
2003,5.57717
2004,6.46271
2005,7.73147
2006,9.62818
2007,9.16758
2008,10.71905
2009,14.69173
