years,data
1970,0.3475
1971,0.39471
1972,0.39159
1973,0.416
1974,0.527
1975,0.73135
1976,0.81538
1977,1.07871
1978,1.33204
1979,2.07614
1980,2.412
1981,2.662
1982,3.643
1983,4.123
1984,4.005
1985,3.744
1986,2.353
1987,2.203
1988,2.241
1989,2.244
1990,2.369
1991,2.005
1992,2.213
1993,2.807
1994,2.177
1995,1.729
1996,2.982
1997,2.9444
1998,2.3909
1999,2.6432
2000,4.7789
2001,4.6036
2002,3.2011
2003,5.11717
2004,5.72656
2005,8.04444
2006,6.34958
2007,6.69328
2008,8.3713
2009,4.06997
