years,data
1970,0.12229
1971,0.17471
1972,0.22584
1973,0.93697
1974,1.94194
1975,1.09242
1976,2.87796
1977,5.77051
1978,3.90422
1979,1.42454
1980,0.0
1981,1.12983
1982,5.05613
1983,0.02262
1984,0.05293
1985,0.00413
1986,0.0
1987,0.0
1988,0.01338
1989,0.0
1990,0.0
1991,0.17359
1992,0.0
1993,0.0
1994,0.0
1995,0.0
1996,0.09487
1997,0.0
1998,0.0
1999,0.0
2000,0.0
2001,0.0
2002,0.0
2003,0.0
2004,0.0
2005,0.0
2006,0.0
2007,0.0
2008,0.0
2009,0.0
