years,data
1970,0.63389
1971,0.57737
1972,0.85878
1973,1.02132
1974,1.78649
1975,2.0844
1976,2.18027
1977,2.26942
1978,2.03739
1979,2.89994
1980,0.0
1981,5.04171
1982,5.08811
1983,5.12514
1984,4.72074
1985,4.13153
1986,0.0
1987,0.0
1988,2.30075
1989,0.0
1990,0.0
1991,2.52521
1992,0.0
1993,0.0
1994,0.0
1995,0.0
1996,3.14248
1997,0.0
1998,0.0
1999,0.0
2000,0.0
2001,0.0
2002,0.0
2003,0.0
2004,0.0
2005,0.0
2006,0.0
2007,0.0
2008,0.0
2009,0.0
