years,data
1970,0.6007
1971,0.5634
1972,0.84778
1973,1.01708
1974,1.77402
1975,2.083
1976,2.22031
1977,2.24556
1978,2.06877
1979,2.80115
1980,3.918
1981,5.049
1982,5.21
1983,5.281
1984,4.659
1985,3.712
1986,3.514
1987,2.24
1988,2.47
1989,2.766
1990,3.476
1991,3.864
1992,3.23
1993,3.547
1994,3.224
1995,2.994
1996,3.9718
1997,4.092
1998,0.0
1999,3.5875
2000,5.658
2001,5.50294
2002,0.0
2003,0.0
2004,4.58
2005,8.26
2006,7.98
2007,0.0
2008,0.0
2009,0.0
