years,data
1970,0.0
1971,0.0
1972,0.0
1973,0.0
1974,0.0
1975,0.0
1976,0.0
1977,0.0
1978,0.0
1979,0.0
1980,0.0
1981,0.0
1982,0.0
1983,0.0
1984,0.0
1985,0.0
1986,0.0
1987,0.0
1988,0.0
1989,0.0
1990,0.0
1991,3.20377
1992,3.82021
1993,3.76324
1994,2.96096
1995,2.66043
1996,2.40029
1997,2.31841
1998,2.96519
1999,4.42518
2000,3.78713
2001,2.02226
2002,2.48589
2003,2.25493
2004,1.69981
2005,2.53962
2006,10.21576
2007,12.35314
2008,15.58623
2009,6.14594
