years,data
1970,0.0
1971,0.0
1972,0.0
1973,0.0
1974,0.0
1975,0.0
1976,0.0
1977,0.0
1978,0.0
1979,0.0
1980,0.0
1981,0.0
1982,0.0
1983,0.0
1984,0.0
1985,0.0
1986,0.0
1987,0.0
1988,0.0
1989,0.0
1990,0.0
1991,9.51308
1992,9.54507
1993,9.40131
1994,9.5447
1995,9.81452
1996,10.48625
1997,10.44776
1998,9.00154
1999,9.91151
2000,12.66534
2001,12.08028
2002,11.38305
2003,13.13646
2004,15.6159
2005,19.04763
2006,21.58925
2007,23.43417
2008,27.18191
2009,19.7055
