years,data
1977,15.11639
1978,13.85249
1979,13.31235
1980,12.38723
1981,12.58456
1982,12.20966
1983,11.72681
1984,11.2125
1985,11.07219
1986,10.57808
1987,10.3091
1988,10.30132
1989,10.62489
1990,10.6053
1991,10.66344
1992,9.94038
1993,9.63988
1994,9.24602
1995,8.84964
1996,8.6896
1997,8.37823
1998,8.0264
1999,7.65797
2000,7.43857
2001,7.18503
2002,7.0814
2003,6.82397
2004,6.89739
2005,6.63228
2006,6.40356
2007,6.40805
2008,6.39465
2009,6.29971
