years,data
1970,0.0
1971,0.0
1972,0.0
1973,0.0
1974,0.0
1975,0.0
1976,0.0
1977,0.0
1978,0.0
1979,0.0
1980,0.0
1981,0.0
1982,0.0
1983,0.0
1984,0.0
1985,0.0
1986,0.0
1987,0.0
1988,0.0
1989,0.0
1990,0.0
1991,4.32501
1992,6.95087
1993,5.76301
1994,7.57161
1995,7.30945
1996,8.13665
1997,7.84326
1998,6.20555
1999,5.60053
2000,5.13928
2001,3.97643
2002,3.0224
2003,2.78058
2004,3.0329
2005,3.25299
2006,4.98087
2007,4.66305
2008,5.136
2009,2.37384
