years,data
1970,0.0
1971,0.0
1972,0.0
1973,0.0
1974,0.0
1975,0.0
1976,0.0
1977,0.0
1978,0.0
1979,0.0
1980,0.0
1981,0.0
1982,0.0
1983,0.0
1984,0.0
1985,0.0
1986,0.0
1987,0.0
1988,0.0
1989,0.0
1990,0.0
1991,16.33212
1992,24.74614
1993,19.09809
1994,24.74587
1995,23.88583
1996,22.95455
1997,24.61682
1998,20.10797
1999,20.53907
2000,21.32687
2001,19.25512
2002,16.53223
2003,15.76292
2004,17.35119
2005,18.24895
2006,23.88228
2007,26.70787
2008,33.63735
2009,24.35257
