years,data
1970,0.00463
1971,0.00628
1972,0.0
1973,0.0
1974,0.0
1975,0.0
1976,0.0
1977,0.0
1978,0.0
1979,0.07915
1980,0.60434
1981,0.10381
1982,0.32177
1983,0.29717
1984,0.18698
1985,0.17175
1986,0.10343
1987,0.11783
1988,0.05891
1989,0.16768
1990,0.09769
1991,0.16231
1992,0.20581
1993,0.20693
1994,0.19846
1995,0.15976
1996,0.15565
1997,0.1598
1998,0.23123
1999,0.16042
2000,0.1553
2001,0.09924
2002,0.10152
2003,0.07981
2004,0.09328
2005,0.10631
2006,0.1186
2007,0.12851
2008,0.0
2009,0.0
