years,data
1970,0.56269
1971,0.53317
1972,0.0
1973,0.0
1974,0.0
1975,0.0
1976,0.0
1977,0.0
1978,0.0
1979,1.32315
1980,0.87872
1981,1.26501
1982,1.60971
1983,1.61894
1984,1.45806
1985,1.38888
1986,1.351
1987,1.42011
1988,1.26563
1989,1.15431
1990,1.30622
1991,1.32752
1992,1.40676
1993,1.30413
1994,1.32742
1995,1.19354
1996,1.14363
1997,1.18586
1998,1.16564
1999,1.20986
2000,1.15337
2001,1.18477
2002,1.22865
2003,1.20631
2004,1.34598
2005,1.53469
2006,1.66793
2007,1.9919
2008,0.0
2009,0.0
