years,data
1970,0.00947
1971,0.00947
1972,0.0
1973,0.0
1974,0.0
1975,0.0
1976,0.0
1977,0.0
1978,0.0
1979,0.04436
1980,0.46358
1981,0.06166
1982,0.13
1983,0.10162
1984,0.08774
1985,0.09886
1986,0.06353
1987,0.05949
1988,0.02787
1989,0.09364
1990,0.04511
1991,0.0633
1992,0.07816
1993,0.0751
1994,0.05935
1995,0.04474
1996,0.03963
1997,0.03556
1998,0.0514
1999,0.03705
2000,0.03539
2001,0.02332
2002,0.02742
2003,0.02215
2004,0.01631
2005,0.01477
2006,0.02626
2007,0.0211
2008,0.0
2009,0.0
