years,data
1970,0.90356
1971,0.83727
1972,0.0
1973,0.0
1974,0.0
1975,0.0
1976,0.0
1977,0.0
1978,0.0
1979,2.96614
1980,2.53573
1981,3.42291
1982,3.1752
1983,2.90641
1984,2.91695
1985,2.83438
1986,2.77816
1987,2.40045
1988,2.12288
1989,2.42505
1990,2.41275
1991,2.35829
1992,2.43383
1993,2.15626
1994,2.24937
1995,2.23707
1996,2.13518
1997,2.13518
1998,2.09653
1999,2.04909
2000,2.12639
2001,2.25288
2002,2.43321
2003,2.24058
2004,2.11761
2005,2.4514
2006,3.73386
2007,2.9433
2008,0.0
2009,0.0
