years,data
1970,0.27353
1971,0.52982
1972,0.75534
1973,1.779
1974,2.088
1975,1.886
1976,2.449
1977,2.592
1978,2.859
1979,4.231
1980,6.53
1981,7.554
1982,6.985
1983,6.146
1984,6.217
1985,6.201
1986,3.788
1987,4.468
1988,4.217
1989,4.976
1990,6.222
1991,5.353
1992,5.155
1993,5.058
1994,4.649
1995,4.904
1996,5.868
1997,5.746
1998,4.393
1999,5.023
2000,7.585
2001,6.31486
2002,6.13928
2003,7.58
2004,9.59
2005,13.5
2006,17.1
2007,18.97
2008,23.53
2009,15.26
