years,data
1970,0.27345
1971,0.52983
1972,0.75536
1973,1.77901
1974,2.08799
1975,1.886
1976,2.449
1977,2.59198
1978,2.85902
1979,4.231
1980,6.53
1981,7.554
1982,6.985
1983,6.146
1984,6.21701
1985,6.20099
1986,3.78801
1987,4.468
1988,4.217
1989,4.976
1990,6.222
1991,5.353
1992,5.15501
1993,5.058
1994,4.64901
1995,4.90401
1996,5.86802
1997,5.746
1998,4.39301
1999,5.023
2000,7.585
2001,6.31487
2002,6.13927
2003,7.58
2004,9.59001
2005,13.49999
2006,17.09999
2007,18.96999
2008,23.53
2009,15.26
