years,data
1970,0.0
1971,0.0
1972,0.0
1973,0.0
1974,0.0
1975,0.0
1976,0.0
1977,0.0
1978,0.0
1979,0.0
1980,0.0
1981,0.0
1982,0.09393
1983,1.95174
1984,4.44115
1985,4.38124
1986,3.0302
1987,6.11238
1988,9.05405
1989,13.80015
1990,11.57543
1991,11.23149
1992,9.12934
1993,1.96731
1994,4.98658
1995,15.06655
1996,13.61322
1997,13.625
1998,19.78854
1999,18.22714
2000,26.17303
2001,8.17589
2002,6.62039
2003,6.0254
2004,7.86911
2005,18.53165
2006,20.36141
2007,29.10141
2008,70.15556
2009,75.48889
