years,data
1970,0.0
1971,0.0
1972,0.0
1973,0.0
1974,0.0
1975,0.0
1976,0.0
1977,0.0
1978,0.0
1979,0.0
1980,0.0
1981,0.0
1982,0.00069
1983,0.01219
1984,0.02465
1985,0.02844
1986,0.01978
1987,0.04059
1988,0.0565
1989,0.08942
1990,0.08054
1991,0.0679
1992,0.04811
1993,0.00177
1994,0.00444
1995,0.01358
1996,0.01274
1997,0.01194
1998,0.01694
1999,0.01536
2000,0.02339
2001,0.01508
2002,0.10441
2003,0.15487
2004,0.02704
2005,0.01927
2006,0.0184
2007,0.02676
2008,0.06662
2009,0.06826
