years,data
1970,0.0
1971,0.0
1972,0.0
1973,0.0
1974,0.0
1975,0.0
1976,0.0
1977,0.0
1978,0.0
1979,0.0
1980,0.0
1981,0.0
1982,0.0003
1983,0.0054
1984,0.05443
1985,0.09068
1986,0.05795
1987,0.10878
1988,0.15991
1989,0.26024
1990,0.21015
1991,0.21703
1992,0.15773
1993,0.05572
1994,0.1483
1995,0.48395
1996,0.45795
1997,0.45404
1998,0.45926
1999,0.28563
2000,0.43306
2001,0.2455
2002,0.19235
2003,0.18708
2004,0.26516
2005,0.60655
2006,0.67677
2007,0.66464
2008,1.51867
2009,1.51314
