years,data
1970,0.0
1971,0.0
1972,0.0
1973,0.0
1974,0.0
1975,0.0
1976,0.0
1977,0.0
1978,0.0
1979,0.0
1980,0.0
1981,0.0
1982,0.09492
1983,1.96933
1984,4.52023
1985,4.50036
1986,3.10793
1987,6.26175
1988,9.27046
1989,14.14981
1990,11.86612
1991,11.51642
1992,9.33518
1993,2.0248
1994,5.13932
1995,15.56408
1996,14.08391
1997,14.09098
1998,20.26474
1999,18.52813
2000,26.62948
2001,8.43647
2002,6.91715
2003,6.36735
2004,8.16131
2005,19.15747
2006,21.05658
2007,29.79281
2008,71.74085
2009,77.07029
