years,data
1970,0.0
1971,0.0
1972,0.0
1973,0.0
1974,0.0
1975,0.0
1976,0.0
1977,0.0
1978,0.0
1979,0.0
1980,0.0
1981,0.0
1982,0.0
1983,0.0
1984,0.0
1985,0.0
1986,0.53801
1987,0.6745
1988,0.56503
1989,0.75637
1990,0.8371
1991,1.45934
1992,1.78012
1993,1.4735
1994,1.59051
1995,1.64585
1996,19.223
1997,19.77703
1998,14.15911
1999,17.02472
2000,33.57641
2001,5.25829
2002,6.51536
2003,8.11551
2004,12.86124
2005,16.28936
2006,0.0
2007,0.0
2008,0.0
2009,0.0
