years,data
1970,0.0
1971,0.0
1972,0.0
1973,0.0
1974,0.0
1975,0.0
1976,0.0
1977,0.0
1978,0.0
1979,0.0
1980,0.0
1981,0.0
1982,0.0
1983,0.0
1984,0.0
1985,0.0
1986,3.41
1987,4.195
1988,3.43828
1989,4.21172
1990,5.20781
1991,4.46719
1992,4.31953
1993,3.84609
1994,3.65391
1995,4.03828
1996,4.85391
1997,4.4625
1998,2.93438
1999,4.10391
2000,6.62344
2001,5.37891
2002,5.64844
2003,6.68672
2004,8.66719
2005,11.775
2006,0.0
2007,0.0
2008,0.0
2009,0.0
