years,data
1970,0.0
1971,0.0
1972,0.0
1973,0.0
1974,0.0
1975,0.0
1976,0.0
1977,0.0
1978,0.0
1979,0.0
1980,0.0
1981,0.0
1982,0.0
1983,0.0
1984,0.0
1985,0.0
1986,4.014
1987,4.938
1988,4.04716
1989,4.95756
1990,6.13005
1991,5.25827
1992,5.08447
1993,4.52719
1994,4.30097
1995,4.75341
1996,5.71347
1997,5.25275
1998,3.45402
1999,4.83066
2000,7.79636
2001,6.33144
2002,6.6487
2003,7.87085
2004,10.20204
2005,13.8602
2006,0.0
2007,0.0
2008,0.0
2009,0.0
