years,data
1970,0.0
1971,0.0
1972,0.0
1973,0.0
1974,0.0
1975,0.0
1976,0.0
1977,0.0
1978,0.0
1979,0.0
1980,0.0
1981,0.0
1982,0.0
1983,0.0
1984,0.0
1985,0.0
1986,1.13196
1987,1.26727
1988,1.09068
1989,1.24973
1990,2.13591
1991,4.75369
1992,4.52556
1993,4.17578
1994,3.94158
1995,4.16075
1996,34.44485
1997,37.3788
1998,23.36392
1999,32.3755
2000,46.51945
2001,8.30484
2002,8.32093
2003,10.89952
2004,15.74602
2005,19.42965
2006,0.0
2007,0.0
2008,0.0
2009,0.0
