years,data
1970,0.11069
1971,0.1501
1972,0.15085
1973,0.15815
1974,0.70164
1975,0.82811
1976,1.05953
1977,1.06369
1978,0.88436
1979,1.62088
1980,2.52627
1981,1.39626
1982,0.84571
1983,1.45226
1984,1.19405
1985,1.26899
1986,0.0
1987,0.0
1988,0.0
1989,0.0
1990,0.0
1991,0.0
1992,0.0
1993,0.0
1994,0.0
1995,0.0
1996,0.0
1997,0.0
1998,0.0
1999,0.0
2000,0.0
2001,0.0
2002,0.0
2003,0.0
2004,0.0
2005,0.0
2006,0.0
2007,0.0
2008,0.0
2009,0.0
