years,data
1960,0.0
1961,0.0
1962,0.0
1963,0.0
1964,0.0
1965,0.0
1966,0.0
1967,0.0
1968,0.0
1969,0.0
1970,0.0
1971,0.0
1972,0.0
1973,0.0
1974,0.0
1975,0.0
1976,0.0
1977,0.0
1978,0.0
1979,0.0
1980,0.0
1981,0.0
1982,0.0
1983,0.0
1984,0.0
1985,0.0
1986,0.0
1987,0.0
1988,0.0
1989,5.0
1990,5.0
1991,5.0
1992,5.0
1993,5.0
1994,5.0
1995,5.0
1996,5.0
1997,5.0
1998,5.0
1999,1.3
2000,5.0
2001,5.0
2002,5.0
2003,5.08399
2004,4.89633
2005,4.9504
2006,4.99301
2007,5.26151
2008,4.92295
2009,16.58716
