years,data
1970,0.0
1971,0.0
1972,0.0
1973,0.0
1974,0.0
1975,0.0
1976,0.0
1977,0.0
1978,0.0
1979,0.0
1980,0.0
1981,0.0
1982,0.0
1983,0.0
1984,0.0
1985,0.0
1986,0.0
1987,0.0
1988,0.0
1989,44.2
1990,44.2
1991,44.2
1992,44.2
1993,44.2
1994,44.2
1995,40.51362
1996,42.58396
1997,40.66453
1998,49.2
1999,82.9
2000,82.9
2001,82.9
2002,82.9
2003,88.71864
2004,89.04423
2005,92.30566
2006,85.62755
2007,79.16227
2008,60.44698
2009,62.71597
