years,data
1970,0.0
1971,0.0
1972,0.0
1973,0.0
1974,0.0
1975,0.0
1976,0.0
1977,0.0
1978,0.0
1979,0.0
1980,0.0
1981,0.0
1982,0.0
1983,0.0
1984,0.0
1985,0.0
1986,0.0
1987,0.0
1988,0.0
1989,568.33704
1990,587.99977
1991,597.44945
1992,599.13163
1993,601.60783
1994,609.03372
1995,605.50254
1996,596.3285
1997,565.51608
1998,544.91699
1999,510.8699
2000,457.381
2001,402.74667
2002,360.14782
2003,320.95327
2004,273.83524
2005,213.78548
2006,220.74543
2007,221.27611
2008,258.1922
2009,299.11417
