years,data
1970,1.60839
1971,1.58112
1972,1.67553
1973,3.221
1974,3.426
1975,4.162
1976,4.265
1977,4.573
1978,5.04
1979,5.23
1980,7.19
1981,8.19
1982,4.93
1983,8.84
1984,9.33
1985,8.62
1986,7.16
1987,7.77667
1988,6.505
1989,7.48
1990,9.28
1991,10.45875
1992,10.4
1993,9.85
1994,9.94828
1995,9.87168
1996,11.20504
1997,11.84212
1998,10.62842
1999,10.98841
2000,13.43662
2001,16.7785
2002,13.30446
2003,16.49041
2004,18.63706
2005,21.52616
2006,23.7565
2007,25.64211
2008,30.14725
2009,25.44612
