years,data
1970,0.0
1971,0.0
1972,0.0
1973,0.0
1974,0.0
1975,0.0
1976,0.0
1977,0.0
1978,0.0
1979,0.0
1980,0.0
1981,0.0
1982,0.0
1983,0.0
1984,0.0
1985,0.0
1986,4.98985
1987,6.13872
1988,5.031
1989,6.16272
1990,7.13027
1991,6.11624
1992,5.91408
1993,5.26587
1994,5.00274
1995,5.52901
1996,6.64572
1997,6.10983
1998,4.0176
1999,5.61886
2000,9.06847
2001,7.36452
2002,7.73355
2003,9.15511
2004,11.86667
2005,16.12173
2006,0.0
2007,0.0
2008,0.0
2009,0.0
