years,data
1970,0.0
1971,0.0
1972,0.0
1973,0.0
1974,0.0
1975,0.0
1976,0.0
1977,0.0
1978,0.0
1979,0.0
1980,0.0
1981,0.0
1982,0.0
1983,0.0
1984,0.0
1985,0.0
1986,0.31538
1987,0.38962
1988,0.38723
1989,0.43639
1990,0.45421
1991,1.02009
1992,0.64667
1993,0.54504
1994,0.57868
1995,0.58681
1996,4.8888
1997,4.93465
1998,3.9498
1999,5.19549
2000,8.93194
2001,1.82143
2002,2.05471
2003,2.28331
2004,2.66501
2005,3.60044
2006,0.0
2007,0.0
2008,0.0
2009,0.0
