years,data
1970,0.0
1971,0.0
1972,0.0
1973,0.0
1974,0.0
1975,0.0
1976,0.0
1977,0.0
1978,0.0
1979,0.0
1980,0.0
1981,0.0
1982,0.0
1983,0.0
1984,0.0
1985,0.0
1986,0.0
1987,0.0
1988,0.0
1989,0.0
1990,0.0
1991,0.0
1992,3.51619
1993,3.34772
1994,5.10648
1995,3.78342
1996,4.62093
1997,4.56671
1998,4.00458
1999,4.33646
2000,4.34005
2001,6.08909
2002,3.40238
2003,3.30153
2004,2.89988
2005,1.60654
2006,5.16757
2007,5.60366
2008,11.58188
2009,3.6666
