years,data
1970,0.0
1971,0.0
1972,0.0
1973,0.0
1974,0.0
1975,0.0
1976,0.0
1977,0.0
1978,0.0
1979,0.0
1980,0.0
1981,0.0
1982,0.0
1983,0.0
1984,0.0
1985,0.0
1986,0.0
1987,0.0
1988,0.0
1989,0.0
1990,0.0
1991,0.0
1992,0.19756
1993,0.23574
1994,0.36564
1995,0.39307
1996,0.64425
1997,2.85016
1998,0.34141
1999,0.46498
2000,0.5083
2001,0.93682
2002,0.53859
2003,0.67269
2004,0.66512
2005,0.45013
2006,1.44475
2007,1.44873
2008,2.79127
2009,1.00282
