years,data
1970,0.29825
1971,0.33702
1972,0.34877
1973,0.339
1974,0.489
1975,0.69484
1976,0.9557
1977,1.44189
1978,1.63613
1979,2.06607
1980,2.468
1981,2.83
1982,3.223
1983,3.591
1984,3.531
1985,3.477
1986,3.31
1987,2.358
1988,2.136
1989,2.133
1990,1.908
1991,1.701
1992,1.954
1993,2.193
1994,1.945
1995,1.545
1996,2.279
1997,2.5916
1998,2.1995
1999,2.2825
2000,3.8773
2001,4.15
2002,3.02359
2003,5.15595
2004,5.75886
2005,7.96875
2006,6.40758
2007,6.05437
2008,8.04105
2009,3.96829
