years,data
1970,0.12372
1971,0.92186
1972,1.56418
1973,3.30116
1974,10.5782
1975,18.20418
1976,11.28745
1977,12.03107
1978,4.14111
1979,13.689
1980,4.0745
1981,1.5678
1982,5.02862
1983,3.87408
1984,2.62283
1985,0.9461
1986,0.42565
1987,0.40705
1988,0.51794
1989,0.61322
1990,0.62766
1991,0.25102
1992,0.0384
1993,0.03242
1994,0.00993
1995,0.01297
1996,0.00714
1997,0.00906
1998,0.0
1999,0.0
2000,0.0
2001,0.32452
2002,0.0
2003,0.0
2004,0.0
2005,0.0
2006,0.0
2007,0.0
2008,0.0
2009,0.0
