years,data
1970,0.22924
1971,0.42043
1972,0.58207
1973,0.68812
1974,1.59488
1975,1.69944
1976,1.83767
1977,1.97381
1978,1.548
1979,2.73642
1980,3.699
1981,4.687
1982,4.766
1983,4.068
1984,4.719
1985,3.709
1986,1.649
1987,2.142
1988,1.965
1989,2.744
1990,3.09
1991,3.864
1992,3.23
1993,3.547
1994,3.224
1995,2.994
1996,3.9718
1997,4.092
1998,0.0
1999,0.0
2000,0.0
2001,5.50294
2002,0.0
2003,0.0
2004,0.0
2005,0.0
2006,0.0
2007,0.0
2008,0.0
2009,0.0
