years,data
1977,19.34334
1978,18.4189
1979,18.44754
1980,17.86794
1981,17.32327
1982,17.32539
1983,17.31268
1984,16.61006
1985,15.69393
1986,15.47904
1987,16.48828
1988,16.99769
1989,17.44938
1990,19.08057
1991,16.94832
1992,15.93513
1993,14.77536
1994,12.94306
1995,12.51726
1996,12.63221
1997,12.32195
1998,11.97465
1999,11.27395
2000,11.56371
2001,11.04143
2002,10.64225
2003,10.33118
2004,10.05207
2005,10.0456
2006,9.90535
2007,10.26117
2008,9.95515
2009,9.7042
