years,data
1970,0.0
1971,0.0
1972,0.0
1973,0.0
1974,0.0
1975,0.0
1976,0.0
1977,0.0
1978,0.0
1979,0.0
1980,0.0
1981,0.0
1982,0.0
1983,0.0
1984,0.0
1985,0.0
1986,0.0
1987,0.0
1988,0.0
1989,0.0
1990,0.07249
1991,0.07854
1992,0.07981
1993,0.06988
1994,0.06826
1995,0.07728
1996,0.09111
1997,0.04193
1998,0.06503
1999,0.07223
2000,0.0581
2001,0.28499
2002,0.36701
2003,0.0
2004,0.0
2005,0.09937
2006,0.49215
2007,0.81286
2008,1.30025
2009,1.04937
