years,data
1970,0.0
1971,0.0
1972,0.0
1973,0.0
1974,0.0
1975,0.0
1976,0.0
1977,0.0
1978,0.0
1979,0.0
1980,0.0
1981,0.0
1982,0.0
1983,0.0
1984,0.0
1985,0.0
1986,0.0
1987,0.0
1988,0.0
1989,0.0
1990,0.46466
1991,0.50346
1992,0.51159
1993,0.5459
1994,0.56415
1995,0.70259
1996,0.59165
1997,0.49914
1998,0.60779
1999,0.66879
2000,0.66785
2001,1.36359
2002,1.63843
2003,0.0
2004,0.0
2005,2.28238
2006,2.31698
2007,2.42182
2008,2.66308
2009,2.20321
