years,population
2010,147575.0
2011,149273.0
2012,151006.0
2013,152761.0
2014,154517.0
2015,156256.0
2016,157977.0
2017,159685.0
2018,161377.0
2019,163046.0
2020,164689.0
2021,166410.72988006516
2022,168108.37508973543
2023,169832.7828181336
2024,171584.90458328498
2025,173338.7804457573
2026,175120.29843756248
2027,176916.9631162567
2028,178728.74473603116
2029,180562.33846022253
2030,182411.4892915594
2031,184279.53255579027
2032,186166.69165123766
2033,188071.5119352957
2034,189995.77582593798
2035,191938.87204179246
2036,193900.9686821695
2037,195882.65510318027
2038,197883.71407910026
2039,199904.52842751946
2040,201945.28838119085
2041,204006.0810551414
2042,206087.19719578672
2043,208188.77981352972
2044,210311.0222032136
2045,212454.14561694142
2046,214618.32265320365
2047,216803.7650507592
2048,219010.67424188045
2049,221239.24694876096
2050,223489.6943418783
2051,225762.22012839068
2052,228057.03292438798
2053,230374.34487746638
2054,232714.36690126933
2055,235077.31416994604
2056,237463.4030484219
2057,239872.851457524
2058,242305.8800857461
2059,244762.71103811584
2060,247243.56862466564
