years,population
2010,195714.0
2011,197515.0
2012,199287.0
2013,201036.0
2014,202764.0
2015,204472.0
2016,206163.0
2017,207834.0
2018,209469.0
2019,211050.0
2020,212559.0
2021,214195.0743713424
2022,215768.37122390195
2023,217369.401991417
2024,219002.7650111019
2025,220618.81807366575
2026,222265.09809268676
2027,223919.0903898079
2028,225579.74716822075
2029,227259.5743660955
2030,228946.7968959836
2031,230647.14366729738
2032,232360.98060332783
2033,234085.2876379424
2034,235823.1123840197
2035,237573.12955139883
2036,239335.35454428027
2037,241110.6495364899
2038,242898.36131364314
2039,244698.93000909206
2040,246512.46149603926
2041,248338.85079332686
2042,250178.37229639277
2043,252031.02795095718
2044,253896.90396330957
2045,255776.13997357388
2046,257668.78158087636
2047,259574.94321664344
2048,261494.71902084874
2049,263428.1905485873
2050,265375.4636241458
2051,267336.6276496031
2052,269311.77787845733
2053,271301.0134952082
2054,273304.42841172375
2055,275322.1214396231
2056,277354.19072999846
2057,279400.7342583082
2058,281461.8521291893
2059,283537.6440399017
2060,285628.21067482274
