years,population
2010,241834.0
2011,245116.0
2012,248452.0
2013,251805.0
2014,255128.0
2015,258383.0
2016,261556.0
2017,264651.0
2018,267671.0
2019,270626.0
2020,273524.0
2021,276589.41459820874
2022,279594.67676857434
2023,282655.9469975079
2024,285771.6359067719
2025,288886.09515215206
2026,292056.5821494049
2027,295254.4988197447
2028,298480.66302364145
2029,301749.4011118849
2030,305046.84030098555
2031,308380.5578805409
2032,311750.78782508324
2033,315154.3938421291
2034,318595.28796024196
2035,322072.02854266885
2036,325585.0125838112
2037,329135.4834459224
2038,332722.9283381598
2039,336348.1762938632
2040,340011.6016577641
2041,343713.37195571413
2042,347454.09804824815
2043,351234.0603185643
2044,355053.65746589587
2045,358913.34464194183
2046,362813.47108683526
2047,366754.4734679795
2048,370736.7638216808
2049,374760.74505012674
2050,378826.8515264177
2051,382935.5008463172
2052,387087.12186649494
2053,391282.15088155493
2054,395521.02152888285
2055,399804.1768892468
2056,404132.06253198854
2057,408505.1275191723
2058,412923.8269771242
2059,417388.61912394955
2060,421899.9670574223
