years,population
2010,114093.0
2011,115695.0
2012,117274.0
2013,118827.0
2014,120355.0
2015,121858.0
2016,123333.0
2017,124777.0
2018,126191.0
2019,127576.0
2020,128933.0
2021,130368.7644327183
2022,131776.42075979043
2023,133209.8298824449
2024,134668.93113468736
2025,136127.24440691402
2026,137611.65670458865
2027,139108.90713254263
2028,140619.20540526722
2029,142149.36293628655
2030,143692.8621394774
2031,145253.2159729901
2032,146830.5746172065
2033,148423.44104860147
2034,150033.64976231297
2035,151660.531706386
2036,153304.25981644532
2037,154965.42055630466
2038,156643.77024653295
2039,158339.69265306514
2040,160053.3633247046
2041,161784.8566238627
2042,163534.45641716628
2043,165302.2919966835
2044,167088.5468405794
2045,168893.4319014657
2046,170717.10801573796
2047,172559.77686939994
2048,174421.62887230006
2049,176302.849850557
2050,178203.64044998906
2051,180124.19343454938
2052,182064.7067283889
2053,184025.38176605752
2054,186006.41866736577
2055,188008.0219302349
2056,190030.39719518053
2057,192073.7516798379
2058,194138.29540697287
2059,196224.239805302
2060,198331.79854078393
