years,population
2010,158503.0
2011,162805.0
2012,167229.0
2013,171766.0
2014,176405.0
2015,181137.0
2016,185960.0
2017,190873.0
2018,195875.0
2019,200964.0
2020,206140.0
2021,211503.61991738126
2022,216961.90742299418
2023,222565.2879943495
2024,228317.74951048117
2025,234198.26399171943
2026,240234.18330194376
2027,246417.1920659427
2028,252750.6526513242
2029,259244.26878705222
2030,265895.7771480954
2031,272711.9146215794
2032,279696.6118594638
2033,286852.325470198
2034,294184.6079534846
2035,301696.8798886239
2036,309393.3771623871
2037,317278.8214669251
2038,325357.282736147
2039,333633.4858256214
2040,342112.0780641185
2041,350797.71408702934
2042,359695.3424122452
2043,368809.88231506385
2044,378146.40940685576
2045,387710.13743802224
2046,397506.34980771574
2047,407540.4832369887
2048,417818.08461114153
2049,428344.8187096946
2050,439126.4885547443
2051,450169.0178655098
2052,461478.46521852876
2053,473061.0255851645
2054,484923.0287902725
2055,497070.94749641523
2056,509511.39735250885
2057,522251.14036560635
2058,535297.08911746
2059,548656.3086824599
2060,562336.0205794683
