years,population
2010,179425.0
2011,183340.0
2012,187280.0
2013,191261.0
2014,195305.0
2015,199427.0
2016,203631.0
2017,207906.0
2018,212228.0
2019,216565.0
2020,220892.0
2021,225433.0885257193
2022,229980.74434416916
2023,234634.49529124305
2024,239402.65085850185
2025,244231.3784016711
2026,249174.6062309393
2027,254209.67052297277
2028,259336.70893359068
2029,264571.4109956803
2030,269902.61081855086
2031,275338.2989684994
2032,280880.8180032081
2033,286528.6708714561
2034,292287.1066107076
2035,298156.63730574213
2036,304139.2292080015
2037,310237.8525708588
2038,316453.8401980853
2039,322789.75422469486
2040,329247.8418153098
2041,335830.14823272213
2042,342539.176988669
2043,349377.1751801118
2044,356346.51975830935
2045,363449.69020630536
2046,370689.10464748397
2047,378067.2991174693
2048,385586.83207797544
2049,393250.29216018395
2050,401060.34001881146
2051,409019.6645486518
2052,417131.0076916962
2053,425397.1634982464
2054,433820.96868804086
2055,442405.3146027503
2056,451153.1420558831
2057,460067.44262468256
2058,469151.26208121254
2059,478407.69850148336
2060,487839.9046607529
