years,population
2010,309011.0
2011,311584.0
2012,314044.0
2013,316401.0
2014,318673.0
2015,320878.0
2016,323016.0
2017,325085.0
2018,327096.0
2019,329065.0
2020,331003.0
2021,333021.4454599792
2022,335003.5639070468
2023,337010.56412376993
2024,339039.778252286
2025,341063.4376200586
2026,343110.80391556607
2027,345166.6632413515
2028,347231.7642588472
2029,349313.1287049485
2030,351403.52725308965
2031,353506.84510843887
2032,355622.97905142384
2033,357750.25868248526
2034,359890.57529849646
2035,362043.04321941914
2036,364207.77388782444
2037,366385.2708410023
2038,368575.14803369
2039,370777.71382908366
2040,372993.02788630774
2041,375221.0523496179
2042,377461.97213544254
2043,379715.79910675477
2044,381982.6077513227
2045,384262.49740434496
2046,386555.5122128189
2047,388861.74005201756
2048,391181.2536340018
2049,393514.1199500639
2050,395860.42027377593
2051,398220.2254449535
2052,400593.610588702
2053,402980.65275843744
2054,405381.425939786
2055,407796.00722955115
2056,410224.47316008754
2057,412666.9002909175
2058,415123.3664598286
2059,417593.94924142305
2060,420078.72686826
