years,data
1970,0.00918
1971,0.00585
1972,0.00694
1973,0.00796
1974,0.01681
1975,0.0
1976,0.0
1977,0.03658
1978,0.0
1979,0.0
1980,0.01073
1981,0.11713
1982,0.18273
1983,0.0
1984,0.0
1985,0.19665
1986,0.40512
1987,0.66763
1988,1.12805
1989,0.31176
1990,0.24474
1991,0.27857
1992,0.22242
1993,0.10885
1994,0.00196
1995,0.0
1996,0.0
1997,0.00206
1998,0.46589
1999,0.17628
2000,0.22882
2001,0.53341
2002,1.36881
2003,3.00065
2004,0.35808
2005,0.43864
2006,0.00468
2007,0.00123
2008,0.80105
2009,1.31599
