years,data
1970,11.62931
1971,10.15065
1972,13.41769
1973,17.58018
1974,29.92336
1975,40.97125
1976,27.87683
1977,31.30363
1978,20.4297
1979,52.78256
1980,47.93638
1981,37.83012
1982,20.97663
1983,0.46477
1984,25.58764
1985,20.87495
1986,3.619
1987,0.0
1988,0.0
1989,0.0
1990,0.0
1991,0.0
1992,0.0
1993,0.0
1994,0.0
1995,0.0
1996,0.0
1997,0.0
1998,0.0
1999,0.0
2000,0.0
2001,0.0
2002,0.0
2003,0.0
2004,0.0
2005,0.0
2006,0.0
2007,0.0
2008,0.0
2009,0.0
