years,data
1970,0.38134
1971,0.43769
1972,0.57015
1973,0.66082
1974,1.225
1975,1.59963
1976,1.66679
1977,1.75522
1978,1.88881
1979,1.75448
1980,1.81045
1981,2.03396
1982,2.04366
1983,1.57649
1984,1.91343
1985,1.92799
1986,1.75373
1987,0.0
1988,0.0
1989,0.0
1990,0.0
1991,0.0
1992,0.0
1993,0.0
1994,0.0
1995,0.0
1996,0.0
1997,0.0
1998,0.0
1999,0.0
2000,0.0
2001,0.0
2002,0.0
2003,0.0
2004,0.0
2005,0.0
2006,0.0
2007,0.0
2008,0.0
2009,0.0
