years,data
1970,0.01232
1971,0.00616
1972,0.00575
1973,0.0083
1974,0.00649
1975,0.0
1976,0.0
1977,0.01376
1978,0.0
1979,0.0
1980,0.00809
1981,0.0595
1982,0.07089
1983,0.0
1984,0.0
1985,0.09826
1986,0.22328
1987,0.378
1988,0.51585
1989,0.15865
1990,0.13002
1991,0.11664
1992,0.09371
1993,0.04449
1994,0.00062
1995,0.0
1996,0.0
1997,0.00042
1998,0.08156
1999,0.03334
2000,0.04763
2001,0.10758
2002,0.35666
2003,0.78689
2004,0.05941
2005,0.06061
2006,0.00091
2007,0.00016
2008,0.1108
2009,0.1394
