years,data
1970,0.62969
1971,0.67033
1972,0.93726
1973,1.216
1974,1.881
1975,2.03327
1976,2.41268
1977,2.52446
1978,2.51439
1979,4.9492
1980,3.834
1981,4.326
1982,4.959
1983,5.179
1984,5.971
1985,5.567
1986,3.026
1987,3.871
1988,3.432
1989,4.195
1990,5.776
1991,4.906
1992,4.113
1993,3.853
1994,3.775
1995,3.744
1996,4.732
1997,4.536
1998,3.667
1999,3.96
2000,6.533
2001,6.79808
2002,4.52806
2003,6.67
2004,7.17
2005,10.45
2006,12.53
2007,16.35
2008,21.01
2009,12.88
