years,data
1970,0.0
1971,0.0
1972,0.0
1973,0.0
1974,0.0
1975,0.0
1976,0.0
1977,0.0
1978,0.0
1979,0.0
1980,0.0
1981,0.0
1982,0.0141
1983,0.24765
1984,0.12386
1985,0.23419
1986,0.17587
1987,0.3088
1988,0.24684
1989,0.19719
1990,0.20742
1991,0.14998
1992,0.14896
1993,0.00355
1994,0.00848
1995,0.03003
1996,0.01101
1997,0.02555
1998,0.03115
1999,0.02847
2000,0.04106
2001,0.04041
2002,0.01635
2003,0.01486
2004,0.02072
2005,0.01563
2006,0.48923
2007,1.47395
2008,1.99222
2009,1.27549
