years,data
1970,0.0
1971,0.0
1972,0.0
1973,0.0
1974,0.0
1975,0.0
1976,0.0
1977,0.0
1978,0.0
1979,0.0
1980,0.0
1981,0.0
1982,0.01033
1983,0.05448
1984,0.15952
1985,0.56367
1986,0.38276
1987,0.56801
1988,0.41703
1989,0.38166
1990,0.3921
1991,0.42667
1992,0.44688
1993,0.0767
1994,0.19829
1995,0.72307
1996,0.27231
1997,0.66456
1998,0.94522
1999,0.4327
2000,0.63378
2001,1.06166
2002,0.45907
2003,0.44
2004,0.701
2005,0.50125
2006,15.93684
2007,18.15908
2008,21.35166
2009,15.62031
