years,data
1970,0.43026
1971,0.45557
1972,0.47616
1973,0.52517
1974,1.14779
1975,1.31357
1976,1.37811
1977,1.65823
1978,1.19206
1979,2.88359
1980,4.0357
1981,4.45954
1982,2.72357
1983,3.66862
1984,3.62306
1985,3.38515
1986,0.0
1987,0.0
1988,0.0
1989,0.0
1990,0.0
1991,0.0
1992,0.0
1993,0.0
1994,0.0
1995,0.0
1996,0.0
1997,0.0
1998,0.0
1999,0.0
2000,0.0
2001,0.0
2002,0.0
2003,0.0
2004,0.0
2005,0.0
2006,0.0
2007,0.0
2008,0.0
2009,0.0
