years,data
1970,8.82387
1971,11.87164
1972,10.96933
1973,10.44885
1974,26.66131
1975,32.2832
1976,37.96844
1977,47.61418
1978,39.34957
1979,62.25208
1980,106.15027
1981,51.17513
1982,32.69745
1983,55.47988
1984,68.91387
1985,69.55525
1986,0.0
1987,0.0
1988,0.0
1989,0.0
1990,0.0
1991,0.0
1992,0.0
1993,0.0
1994,0.0
1995,0.0
1996,0.0
1997,0.0
1998,0.0
1999,0.0
2000,0.0
2001,0.0
2002,0.0
2003,0.0
2004,0.0
2005,0.0
2006,0.0
2007,0.0
2008,0.0
2009,0.0
