years,data
1970,0.0
1971,0.0
1972,0.0
1973,0.0
1974,0.0
1975,0.0
1976,0.0
1977,0.0
1978,0.0
1979,0.0
1980,0.0
1981,0.0
1982,0.0
1983,0.0
1984,0.0
1985,0.0
1986,0.0
1987,0.0
1988,0.0
1989,0.0
1990,0.03045
1991,0.0108
1992,0.79498
1993,1.10495
1994,0.79947
1995,0.95979
1996,1.47268
1997,0.77159
1998,1.41677
1999,3.03741
2000,4.18695
2001,13.63299
2002,10.26841
2003,17.89349
2004,21.32205
2005,19.05607
2006,18.79416
2007,18.23349
2008,22.66798
2009,10.76527
