years,data
1970,0.0
1971,0.0
1972,0.0
1973,0.0
1974,0.0
1975,0.0
1976,0.0
1977,0.0
1978,0.0
1979,0.0
1980,0.0
1981,0.0
1982,0.0
1983,0.0
1984,0.0
1985,0.0
1986,0.0
1987,0.0
1988,0.0
1989,0.0
1990,2.96406
1991,5.27672
1992,4.3159
1993,4.89313
1994,3.26825
1995,2.76019
1996,3.21803
1997,3.0774
1998,1.68612
1999,3.05486
2000,3.84158
2001,7.76392
2002,5.48705
2003,7.85722
2004,8.32388
2005,10.23483
2006,9.81651
2007,9.46199
2008,11.23136
2009,4.76218
