years,data
1970,0.2444
1971,0.27848
1972,0.2818
1973,0.272
1974,0.447
1975,0.76139
1976,1.0165
1977,1.22081
1978,1.3786
1979,1.58505
1980,1.839
1981,2.455
1982,3.139
1983,3.174
1984,3.175
1985,3.149
1986,2.27
1987,2.063
1988,2.09
1989,2.153
1990,2.102
1991,1.974
1992,2.195
1993,2.407
1994,2.152
1995,1.889
1996,2.456
1997,2.633
1998,2.2492
1999,2.4579
2000,4.1553
2001,4.2086
2002,3.34721
2003,5.35954
2004,5.76882
2005,7.89845
2006,6.38601
2007,6.61624
2008,8.71266
2009,3.88049
