years,data
1970,0.0
1971,0.0
1972,0.0
1973,0.0
1974,0.0
1975,0.0
1976,0.0
1977,0.0
1978,0.0
1979,0.0
1980,0.0
1981,0.0
1982,0.0
1983,0.0
1984,0.0
1985,0.0
1986,0.0
1987,0.0
1988,0.0
1989,0.0
1990,0.0
1991,0.0
1992,0.0
1993,0.84057
1994,0.49621
1995,0.762
1996,0.64009
1997,1.27749
1998,0.65407
1999,0.51898
2000,0.42
2001,1.56567
2002,0.503
2003,0.39
2004,0.97405
2005,0.72
2006,0.9
2007,1.41
2008,2.89
2009,1.27
