years,data
1970,0.0
1971,0.0
1972,0.0
1973,0.0
1974,0.0
1975,0.0
1976,0.0
1977,0.0
1978,0.0
1979,0.0
1980,0.0
1981,0.0
1982,0.0
1983,0.0
1984,0.0
1985,0.0
1986,0.0
1987,0.0
1988,0.0
1989,0.0
1990,0.0
1991,0.0
1992,0.0
1993,14.53525
1994,7.00947
1995,11.29004
1996,9.78339
1997,19.02275
1998,9.93245
1999,7.60669
2000,7.17645
2001,19.34595
2002,8.78474
2003,2.97068
2004,15.41976
2005,11.82141
2006,15.86412
2007,17.56335
2008,32.1086
2009,19.50628
