years,data
1970,0.531
1971,0.659
1972,0.606
1973,0.609
1974,0.737
1975,1.416
1976,1.565
1977,1.834
1978,1.688
1979,1.691
1980,2.19
1981,2.751
1982,2.148
1983,1.545
1984,1.663
1985,1.857
1986,1.531
1987,1.502
1988,1.44511
1989,1.74299
1990,1.24573
1991,1.12316
1992,0.99001
1993,0.97198
1994,0.97274
1995,1.19319
1996,1.50521
1997,1.37175
1998,1.34298
1999,1.38478
2000,1.27306
2001,1.61872
2002,1.30123
2003,1.18675
2004,1.3849
2005,1.73271
2006,1.87029
2007,2.36132
2008,4.01658
2009,1.27
