years,data
1970,0.531
1971,0.659
1972,0.606
1973,0.609
1974,0.737
1975,1.416
1976,1.565
1977,1.834
1978,1.688
1979,1.691
1980,2.19
1981,2.751
1982,2.148
1983,1.545
1984,1.663
1985,1.857
1986,1.531
1987,1.502
1988,1.44511
1989,1.74299
1990,1.24573
1991,1.12316
1992,0.99001
1993,0.9096
1994,0.69829
1995,0.93335
1996,0.97726
1997,1.339
1998,0.99098
1999,0.99289
2000,0.85062
2001,1.6036
2002,0.9997
2003,1.02748
2004,1.27367
2005,1.41571
2006,1.60926
2007,2.10818
2008,3.64142
2009,1.27
