years,data
1970,0.47746
1971,0.50856
1972,0.656
1973,0.59897
1974,1.57439
1975,1.86589
1976,1.62683
1977,1.90268
1978,1.72358
1979,2.22761
1980,2.53286
1981,2.88462
1982,3.11237
1983,3.21785
1984,4.46735
1985,3.86755
1986,1.99638
1987,2.67185
1988,1.89778
1989,2.32974
1990,2.60496
1991,1.95194
1992,2.06551
1993,0.0
1994,2.1223
1995,2.463
1996,0.0
1997,0.0
1998,0.0
1999,0.0
2000,0.0
2001,3.08052
2002,3.64126
2003,0.0
2004,0.0
2005,0.0
2006,0.0
2007,9.1493
2008,13.15256
2009,9.44741
