years,data
1970,0.23395
1971,0.2172
1972,0.73528
1973,1.21513
1974,5.2816
1975,7.94171
1976,6.28754
1977,8.01154
1978,8.05656
1979,14.80731
1980,40.90649
1981,45.78918
1982,35.52956
1983,20.59912
1984,19.11567
1985,6.13651
1986,3.10388
1987,8.99756
1988,6.47963
1989,4.32401
1990,1.16188
1991,2.65021
1992,0.20289
1993,0.0
1994,0.01031
1995,4e-05
1996,0.0
1997,0.0
1998,0.0
1999,0.0
2000,0.0
2001,0.21612
2002,0.52932
2003,0.0
2004,0.0
2005,0.0
2006,0.0
2007,0.7938
2008,0.62836
2009,0.22564
