years,data
1970,0.46859
1971,0.49626
1972,0.67492
1973,0.588
1974,1.59929
1975,1.888
1976,1.47025
1977,1.90262
1978,1.75804
1979,2.20415
1980,2.589
1981,2.92
1982,3.2
1983,3.29
1984,3.914
1985,4.364
1986,1.546
1987,2.764
1988,2.082
1989,2.743
1990,3.5
1991,3.468
1992,2.16
1993,2.068
1994,2.098
1995,1.895
1996,2.041
1997,2.87
1998,2.703
1999,1.674
2000,3.991
2001,4.83092
2002,2.0341
2003,5.39
2004,4.91
2005,6.91
2006,7.09
2007,8.14
2008,8.11
2009,0.0
