years,data
1980,0.0
1981,0.0
1982,0.06637
1983,0.80448
1984,0.11491
1985,0.47535
1986,1.0393
1987,0.22763
1988,0.23501
1989,0.50421
1990,69.01636
1991,61.2041
1992,0.07007
1993,0.16523
1994,0.04272
1995,0.04479
1996,0.0
1997,0.0
1998,0.0
1999,0.85157
2000,0.0
2001,67.58504
2002,0.1302
2003,0.0
2004,0.0
2005,0.00156
2006,0.0
2007,0.0
2008,0.0
2009,0.0
