years,data
1980,0.0
1981,0.0
1982,0.45137
1983,6.03576
1984,0.86946
1985,3.73967
1986,7.76934
1987,1.51618
1988,1.38939
1989,3.14258
1990,451.16647
1991,379.42547
1992,0.40991
1993,1.13537
1994,0.27667
1995,0.25374
1996,0.0
1997,0.0
1998,0.0
1999,7.05567
2000,0.0
2001,596.09827
2002,0.87958
2003,0.0
2004,0.0
2005,0.01434
2006,0.0
2007,0.0
2008,0.0
2009,0.0
