years,data
1980,0.0
1981,0.0
1982,0.43678
1983,6.46415
1984,0.9269
1985,4.45955
1986,9.56828
1987,2.10832
1988,2.24509
1989,4.93497
1990,685.1463
1991,599.5162
1992,0.65792
1993,1.70956
1994,0.4197
1995,0.39629
1996,0.0
1997,0.0
1998,0.0
1999,9.24813
2000,0.0
2001,798.29369
2002,1.13821
2003,0.0
2004,0.0
2005,0.01312
2006,0.0
2007,0.0
2008,0.0
2009,0.0
