years,data
1980,0.0
1981,0.0
1982,0.07756
1983,1.09565
1984,0.15971
1985,0.6661
1986,1.37611
1987,0.30645
1988,0.28136
1989,0.63512
1990,84.36401
1991,75.14691
1992,0.08145
1993,0.21763
1994,0.05058
1995,0.04411
1996,0.0
1997,0.0
1998,0.0
1999,0.87237
2000,0.0
2001,81.97988
2002,0.1208
2003,0.0
2004,0.0
2005,0.00181
2006,0.0
2007,0.0
2008,0.0
2009,0.0
