years,data
1980,0.0
1981,0.0
1982,1.03208
1983,14.40004
1984,2.07098
1985,9.34067
1986,19.75303
1987,4.15858
1988,4.15085
1989,9.21688
1990,1289.69314
1991,1115.29268
1992,1.21935
1993,3.22779
1994,0.78967
1995,0.73893
1996,0.0
1997,0.0
1998,0.0
1999,18.02774
2000,0.0
2001,1543.95688
2002,2.26879
2003,0.0
2004,0.0
2005,0.03083
2006,0.0
2007,0.0
2008,0.0
2009,0.0
