years,data
1977,22.07152
1978,21.9976
1979,21.98823
1980,21.37136
1981,19.68611
1982,18.31661
1983,18.28373
1984,18.39009
1985,17.72884
1986,17.90434
1987,18.47175
1988,18.53943
1989,18.62166
1990,18.27108
1991,17.98406
1992,17.55112
1993,17.10343
1994,16.62531
1995,16.12206
1996,16.43352
1997,15.69511
1998,14.99014
1999,13.95731
2000,13.81451
2001,13.26674
2002,13.21248
2003,13.04228
2004,12.44838
2005,11.88908
2006,11.78187
2007,11.2801
2008,11.03432
2009,10.5936
