years,data
1970,0.66499
1971,0.01866
1972,0.02894
1973,0.0
1974,0.02014
1975,0.0
1976,0.0
1977,0.0
1978,0.09429
1979,0.10729
1980,0.13273
1981,0.07788
1982,0.08914
1983,0.09177
1984,1.52231
1985,2.18961
1986,0.0
1987,0.02244
1988,0.21987
1989,0.37447
1990,0.93209
1991,1.65745
1992,0.00669
1993,4.98834
1994,6.13032
1995,4.75161
1996,6.16077
1997,3.88672
1998,4.32795
1999,0.99711
2000,0.83192
2001,0.00081
2002,0.0016
2003,0.00776
2004,0.29526
2005,0.87096
2006,0.07222
2007,0.0
2008,0.0
2009,0.0
