years,data
1970,0.0
1971,0.0
1972,0.0
1973,0.0
1974,0.0
1975,0.0
1976,0.0
1977,0.0
1978,0.0
1979,0.0
1980,0.0
1981,0.0
1982,0.0
1983,0.0
1984,0.0
1985,0.0
1986,0.0
1987,0.0
1988,0.0
1989,13.23845
1990,28.14696
1991,36.36157
1992,34.61615
1993,36.10406
1994,34.13
1995,31.77273
1996,29.7
1997,27.75234
1998,27.80152
1999,31.13973
2000,30.05713
2001,23.43221
2002,42.75598
2003,38.46595
2004,43.67741
2005,29.59018
2006,36.82747
2007,43.21253
2008,51.74935
2009,47.22957
