years,data
1970,25.56501
1971,23.56548
1972,24.2849
1973,40.39467
1974,77.2649
1975,67.69508
1976,76.88578
1977,78.1733
1978,71.06609
1979,76.88438
1980,79.84622
1981,87.43732
1982,72.00103
1983,0.0
1984,0.0
1985,0.0
1986,0.0
1987,0.0
1988,0.0
1989,0.0
1990,0.0
1991,0.0
1992,0.0
1993,0.0
1994,0.0
1995,0.0
1996,0.0
1997,0.0
1998,0.0
1999,0.0
2000,0.0
2001,0.0
2002,0.0
2003,0.0
2004,0.0
2005,0.0
2006,0.0
2007,0.0
2008,0.0
2009,0.0
