years,data
1970,0.43321
1971,0.46642
1972,0.51567
1973,0.60672
1974,1.29291
1975,1.3847
1976,1.51306
1977,1.58134
1978,1.7041
1979,1.73993
1980,1.97313
1981,2.25784
1982,2.07463
1983,0.0
1984,0.0
1985,0.0
1986,0.0
1987,0.0
1988,0.0
1989,0.0
1990,0.0
1991,0.0
1992,0.0
1993,0.0
1994,0.0
1995,0.0
1996,0.0
1997,0.0
1998,0.0
1999,0.0
2000,0.0
2001,0.0
2002,0.0
2003,0.0
2004,0.0
2005,0.0
2006,0.0
2007,0.0
2008,0.0
2009,0.0
