years,data
1970,1.31256
1971,0.85243
1972,0.89658
1973,0.0
1974,1.52
1975,0.0
1976,0.0
1977,0.0
1978,3.42
1979,4.8729
1980,5.13115
1981,5.42805
1982,5.68279
1983,4.61641
1984,4.62695
1985,4.54438
1986,0.0
1987,3.76398
1988,3.36519
1989,3.65681
1990,3.77452
1991,5.20631
1992,3.7552
1993,3.77452
1994,3.7429
1995,3.76749
1996,4.02574
1997,3.706
1998,3.66384
1999,3.69019
2000,3.72357
2001,3.48465
2002,3.8693
2003,3.76574
2004,3.60762
2005,3.55528
2006,3.73096
2007,0.0
2008,0.0
2009,0.0
