years,data
1970,1.7628
1971,0.02895
1972,0.03225
1973,0.0
1974,0.01413
1975,0.0
1976,0.0
1977,0.0
1978,0.06898
1979,0.08152
1980,0.0996
1981,0.045
1982,0.04499
1983,0.03412
1984,0.69173
1985,1.24814
1986,0.0
1987,0.01206
1988,0.10755
1989,0.18899
1990,0.43914
1991,0.96131
1992,0.00301
1993,2.23724
1994,2.16777
1995,1.51583
1996,1.99142
1997,1.02252
1998,1.09873
1999,0.28977
2000,0.23022
2001,0.00022
2002,0.00051
2003,0.0026
2004,0.06735
2005,0.12684
2006,0.01114
2007,0.0
2008,0.0
2009,0.0
