years,data
1970,0.36405
1971,0.5916
1972,0.75907
1973,1.078
1974,1.858
1975,2.36206
1976,2.64265
1977,2.69129
1978,2.80376
1979,3.73239
1980,5.79
1981,7.454
1982,6.712
1983,6.574
1984,5.95
1985,5.691
1986,4.789
1987,4.098
1988,4.032
1989,3.638
1990,4.566
1991,4.9
1992,4.565
1993,5.387
1994,2.679
1995,4.623
1996,5.085
1997,4.944
1998,2.747
1999,3.272
2000,6.194
2001,6.31656
2002,5.7232
2003,6.16
2004,9.25
2005,9.91
2006,13.84
2007,16.19
2008,22.58
2009,14.38
