years,data
1970,0.36404
1971,0.5916
1972,1.68676
1973,1.49744
1974,2.23128
1975,2.42656
1976,2.58529
1977,2.62606
1978,2.85503
1979,3.67716
1980,5.84031
1981,7.46221
1982,6.712
1983,6.574
1984,5.95
1985,5.691
1986,4.789
1987,4.098
1988,4.03201
1989,3.638
1990,4.566
1991,4.9
1992,4.56501
1993,5.38699
1994,2.679
1995,4.623
1996,5.085
1997,4.944
1998,2.747
1999,3.272
2000,6.194
2001,6.31656
2002,5.7232
2003,6.16
2004,9.25
2005,9.91
2006,13.84
2007,16.19
2008,22.58
2009,14.38
