years,data
1970,0.0
1971,0.0
1972,0.0
1973,0.0
1974,0.0
1975,0.0
1976,0.0
1977,0.0
1978,0.0
1979,0.0
1980,0.0
1981,0.09936
1982,0.24019
1983,0.23508
1984,0.1556
1985,0.08494
1986,0.05978
1987,0.12776
1988,0.17049
1989,0.16267
1990,0.21226
1991,0.22291
1992,0.02372
1993,0.01534
1994,0.01882
1995,0.06107
1996,0.05375
1997,0.05483
1998,0.03803
1999,0.03548
2000,0.04783
2001,0.06534
2002,0.06873
2003,0.48925
2004,0.84578
2005,1.07242
2006,1.2386
2007,1.38267
2008,1.66772
2009,1.2335
