years,data
1970,0.0
1971,0.0
1972,0.0
1973,0.0
1974,0.0
1975,0.0
1976,0.0
1977,0.0
1978,0.0
1979,0.0
1980,0.0
1981,0.08931
1982,0.20881
1983,0.14653
1984,0.19291
1985,0.14803
1986,0.10817
1987,0.16499
1988,0.28638
1989,0.29489
1990,0.34826
1991,0.44272
1992,0.05265
1993,0.15629
1994,0.22943
1995,0.73636
1996,0.63772
1997,0.68475
1998,0.49697
1999,0.2892
2000,0.39714
2001,1.20655
2002,1.30793
2003,9.36855
2004,17.84546
2005,21.01446
2006,23.91491
2007,21.98384
2008,23.64656
2009,17.19304
