years,data
1970,0.796
1971,0.844
1972,0.838
1973,0.972
1974,2.127
1975,2.433
1976,2.551
1977,2.803
1978,3.237
1979,3.664
1980,6.683
1981,8.26
1982,7.258
1983,6.795
1984,6.71
1985,6.27
1986,3.41
1987,4.195
1988,3.43828
1989,4.21172
1990,5.20781
1991,4.46719
1992,4.31953
1993,3.84609
1994,3.65391
1995,4.03828
1996,4.85391
1997,4.4625
1998,2.93438
1999,4.10391
2000,6.62344
2001,5.37891
2002,5.64844
2003,6.68672
2004,8.66719
2005,11.775
2006,14.11875
2007,15.92344
2008,22.20469
2009,13.89609
