years,data
1970,0.937
1971,0.994
1972,0.987
1973,1.145
1974,2.503
1975,2.864
1976,3.004
1977,3.3
1978,3.421
1979,4.973
1980,7.643
1981,9.722
1982,8.793
1983,7.998
1984,7.898
1985,7.38
1986,4.014
1987,4.938
1988,4.04716
1989,4.95756
1990,6.13005
1991,5.25827
1992,5.08447
1993,4.52719
1994,4.30097
1995,4.75341
1996,5.71347
1997,5.25275
1998,3.45402
1999,4.83066
2000,7.79636
2001,6.33144
2002,6.6487
2003,7.87085
2004,10.20204
2005,13.8602
2006,16.619
2007,18.74328
2008,26.13685
2009,16.35692
