years,data
1970,4.36084
1971,5.87338
1972,5.47242
1973,4.88739
1974,12.43947
1975,15.17573
1976,18.93646
1977,24.39881
1978,19.88665
1979,31.42388
1980,50.87244
1981,26.44028
1982,18.83858
1983,30.657
1984,36.42726
1985,38.80304
1986,0.0
1987,0.0
1988,0.0
1989,0.0
1990,0.0
1991,0.0
1992,0.0
1993,0.0
1994,0.0
1995,0.0
1996,0.0
1997,0.0
1998,0.0
1999,0.0
2000,0.0
2001,0.0
2002,0.0
2003,0.0
2004,0.0
2005,0.0
2006,0.0
2007,0.0
2008,0.0
2009,0.0
