years,data
1970,0.0
1971,0.0
1972,0.0
1973,0.0
1974,0.0
1975,0.0
1976,0.0
1977,0.0
1978,0.0
1979,0.0
1980,0.0
1981,0.0
1982,0.0
1983,0.0
1984,0.0
1985,0.0
1986,0.0
1987,0.0
1988,0.0
1989,308.0
1990,397.82141
1991,405.96475
1992,412.78749
1993,458.42605
1994,389.85136
1995,427.50633
1996,599.63269
1997,579.30964
1998,807.00919
1999,645.91724
2000,631.89363
2001,646.0
2002,660.0
2003,715.68476
2004,708.95073
2005,789.13282
2006,755.05706
2007,762.56715
2008,531.93343
2009,555.11811
