years,data
1970,0.0
1971,0.0
1972,0.0
1973,0.0
1974,0.0
1975,0.0
1976,0.0
1977,0.0
1978,0.0
1979,0.0
1980,0.0
1981,0.0
1982,0.0
1983,0.0
1984,0.0
1985,0.0
1986,0.0
1987,0.0
1988,0.0
1989,0.0
1990,0.02103
1991,0.05278
1992,2.84942
1993,2.64076
1994,3.01218
1995,4.66252
1996,5.29586
1997,6.88353
1998,7.18835
1999,9.31227
2000,13.93856
2001,17.67683
2002,12.17329
2003,19.69548
2004,26.74258
2005,82.82273
2006,78.33765
2007,84.97789
2008,132.50063
2009,99.93447
