years,data
1970,0.0
1971,0.0
1972,0.0
1973,0.0
1974,0.0
1975,0.0
1976,0.0
1977,0.0
1978,0.0
1979,0.0
1980,0.0
1981,0.0
1982,0.0
1983,0.0
1984,0.0
1985,0.0
1986,0.0
1987,0.0
1988,0.0
1989,0.0
1990,4.69292
1991,5.61699
1992,6.25871
1993,4.58053
1994,4.98906
1995,5.47499
1996,4.59362
1997,4.4243
1998,4.00432
1999,4.36582
2000,6.19033
2001,6.4147
2002,4.2678
2003,5.6475
2004,6.82961
2005,8.60203
2006,7.74548
2007,7.62036
2008,10.99873
2009,7.41
