years,data
1970,0.32827
1971,0.34535
1972,0.37665
1973,0.42
1974,0.587
1975,1.04577
1976,1.55681
1977,2.09719
1978,2.18102
1979,2.44889
1980,3.527
1981,3.992
1982,5.023
1983,5.076
1984,5.087
1985,4.47
1986,2.81
1987,2.501
1988,2.831
1989,2.924
1990,3.031
1991,2.869
1992,2.718
1993,2.963
1994,2.484
1995,2.223
1996,2.679
1997,3.022
1998,2.6862
1999,2.7253
2000,5.8115
2001,9.2812
2002,3.73931
2003,5.37424
2004,5.87704
2005,7.85053
2006,6.49917
2007,6.51598
2008,8.00093
2009,4.32323
