years,data
1970,0.0
1971,0.0
1972,0.0
1973,0.0
1974,0.0
1975,0.0
1976,0.0
1977,0.0
1978,0.0
1979,0.0
1980,0.0
1981,0.0
1982,0.0
1983,0.0
1984,0.0
1985,0.0
1986,0.0
1987,0.0
1988,0.0
1989,0.0
1990,3.93809
1991,5.93154
1992,6.67974
1993,6.0697
1994,8.1342
1995,10.85997
1996,11.17595
1997,10.90409
1998,13.18918
1999,10.98694
2000,8.64358
2001,10.25144
2002,10.9119
2003,10.93611
2004,10.46418
2005,11.63545
2006,19.29084
2007,30.20962
2008,28.72883
2009,27.58911
