years,data
1970,0.0
1971,0.0
1972,0.0
1973,0.0
1974,0.0
1975,0.0
1976,0.0
1977,0.0
1978,0.0
1979,0.0
1980,0.0
1981,0.0
1982,0.0
1983,0.0
1984,0.0
1985,0.0
1986,0.0
1987,0.0
1988,0.0
1989,5.20588
1990,5.91604
1991,5.28049
1992,7.16169
1993,6.69464
1994,14.44214
1995,14.85232
1996,14.7066
1997,16.42091
1998,15.06092
1999,15.98668
2000,4.38533
2001,5.93519
2002,12.39887
2003,2.31797
2004,3.88114
2005,4.11111
2006,7.61
2007,9.95525
2008,4.51067
2009,0.0
