years,data
1970,0.0
1971,0.0
1972,0.0
1973,0.0
1974,0.0
1975,0.0
1976,0.0
1977,0.0
1978,0.0
1979,0.0
1980,0.0
1981,0.0
1982,0.0
1983,0.0
1984,0.0
1985,0.0
1986,0.0
1987,0.0
1988,0.0
1989,0.77855
1990,0.7986
1991,0.78147
1992,0.74771
1993,0.66887
1994,0.692
1995,0.69014
1996,0.64009
1997,0.66171
1998,0.64197
1999,0.60121
2000,0.43229
2001,0.53191
2002,0.5404
2003,0.5
2004,0.5
2005,0.5
2006,0.9
2007,1.41
2008,1.56094
2009,0.0
