years,data
1970,0.0
1971,0.0
1972,0.0
1973,0.0
1974,0.0
1975,0.0
1976,0.0
1977,0.0
1978,0.0
1979,0.0
1980,0.0
1981,0.0
1982,0.0
1983,0.0
1984,0.0
1985,0.0
1986,0.0
1987,0.0
1988,0.0
1989,6686.64
1990,7408.014
1991,6757.1208
1992,9578.16
1993,10008.876
1994,20870.148
1995,21520.74
1996,22975.8372
1997,24815.868
1998,23460.468
1999,26590.8396
2000,10144.416
2001,11158.2552
2002,22943.87988
2003,4635.94992
2004,7762.28574
2005,8222.21814
2006,8455.55778
2007,7060.45932
2008,2889.7128
2009,0.0
