years,data
1970,0.0
1971,0.0
1972,0.0
1973,0.0
1974,0.0
1975,0.0
1976,0.0
1977,0.0
1978,0.0
1979,0.0
1980,0.0
1981,0.0
1982,0.0
1983,0.0
1984,0.0
1985,0.0
1986,0.0
1987,0.0
1988,0.0
1989,5.20588
1990,9.85413
1991,11.21203
1992,13.84143
1993,12.76434
1994,22.57634
1995,25.71229
1996,25.88255
1997,27.325
1998,28.2501
1999,26.97362
2000,13.02891
2001,16.18663
2002,23.31077
2003,13.25408
2004,14.34532
2005,15.74656
2006,26.90084
2007,40.16487
2008,33.2395
2009,27.58911
