years,data
1970,0.40168
1971,0.627
1972,0.78934
1973,0.92502
1974,1.97319
1975,2.44951
1976,2.26107
1977,2.3451
1978,2.50903
1979,3.1521
1980,4.90097
1981,6.49516
1982,6.61832
1983,5.97352
1984,4.48557
1985,3.93275
1986,2.15531
1987,2.60317
1988,2.09233
1989,2.29527
1990,3.0022
1991,2.23768
1992,2.25185
1993,2.13855
1994,2.40763
1995,2.69797
1996,2.95289
1997,2.78294
1998,2.004
1999,0.0
2000,4.30604
2001,3.50971
2002,0.0
2003,0.0
2004,0.0
2005,0.0
2006,0.0
2007,0.0
2008,0.0
2009,0.0
