years,data
1970,0.40297
1971,0.62908
1972,0.7907
1973,0.94149
1974,2.00943
1975,2.49824
1976,2.33795
1977,2.37021
1978,2.5823
1979,3.14374
1980,5.028
1981,6.624
1982,6.77
1983,6.057
1984,5.971
1985,5.313
1986,3.164
1987,2.82
1988,2.658
1989,3.076
1990,4.358
1991,3.062
1992,2.179
1993,2.306
1994,2.159
1995,2.159
1996,2.159
1997,3.48416
1998,6.16
1999,3.39062
2000,6.16329
2001,5.94977
2002,5.917
2003,5.92
2004,0.0
2005,5.59
2006,7.1
2007,7.85472
2008,16.68
2009,12.41
