years,data
1977,10.63976
1978,10.13244
1979,10.13754
1980,9.57142
1981,8.97393
1982,8.59803
1983,8.31749
1984,8.25923
1985,7.93784
1986,7.53873
1987,7.5758
1988,7.38128
1989,7.38695
1990,7.27258
1991,7.22262
1992,7.21576
1993,7.09548
1994,7.09875
1995,6.84425
1996,6.66722
1997,6.38048
1998,6.18005
1999,5.73083
2000,5.43234
2001,5.43022
2002,5.35039
2003,5.29934
2004,5.13904
2005,4.92213
2006,4.80898
2007,4.76063
2008,4.66357
2009,4.60908
